测试类别,测试场景,指标名称,目标值,最低可接受值,测试条件,测试工具,测试频率,备注
响应时间,实时交易风险评估,平均响应时间,75ms,150ms,每秒5000笔交易,JMeter/Gatling,每周,关键业务KPI
响应时间,实时交易风险评估,90百分位响应时间,120ms,200ms,每秒5000笔交易,JMeter/Gatling,每周,大部分交易应满足
响应时间,实时交易风险评估,95百分位响应时间,150ms,250ms,每秒5000笔交易,JMeter/Gatling,每周,极端情况下的表现
响应时间,实时交易风险评估,99百分位响应时间,250ms,500ms,每秒5000笔交易,JMeter/Gatling,每周,边缘情况下的性能
响应时间,批量交易处理,处理1万条记录的时间,<10秒,<30秒,测试数据集,自定义基准,每周,"含各种风险场景,复杂规则"
响应时间,AI模型推理,欺诈检测模型推理,50ms,100ms,标准测试数据集,MLflow,每周,每条交易单独计算
响应时间,AI模型推理,信用风险模型推理,80ms,150ms,标准测试数据集,MLflow,每周,包含更多特征变量
响应时间,用户界面,仪表板加载时间,<2秒,<4秒,包含10个图表组件,Selenium,每周,不含数据加载时间
响应时间,API响应,查询单个交易详情,50ms,100ms,标准负载,Postman/自动化测试,每周,不含网络延迟
响应时间,API响应,用户认证,100ms,200ms,标准负载,Postman/自动化测试,每周,包含权限验证
吞吐量,实时交易处理,每秒交易处理量,5000 TPS,3000 TPS,标准测试交易,JMeter/Gatling,每周,生产环境预期峰值
吞吐量,实时交易处理,每秒交易处理量(峰值),8000 TPS,5000 TPS,标准测试交易,JMeter/Gatling,每月,最大压力测试
吞吐量,批量交易处理,每小时处理记录数,500万,300万,批处理作业,自定义基准,每周,数据仓库加载场景
吞吐量,消息队列,每秒消息处理量,10000 MPS,6000 MPS,Kafka集群,Kafka内置工具,每周,包含消息持久化
吞吐量,数据库操作,每秒查询操作,3000 QPS,2000 QPS,混合查询类型,数据库监控工具,每周,只读操作
吞吐量,数据库操作,每秒写入操作,1500 QPS,1000 QPS,标准写入模式,数据库监控工具,每周,含事务处理
吞吐量,文件处理,日志写入速度,10000 EPS,5000 EPS,生产环境日志量,ELK/Splunk,每周,包含结构化日志
吞吐量,缓存操作,每秒缓存请求,50000 RPS,30000 RPS,Redis集群,Redis基准工具,每周,90%读取/10%写入
并发用户,Web仪表板,同时在线用户数,1000,500,标准操作组合,JMeter/Gatling,每月,内部用户
并发用户,API访问,并发API客户端数,500,300,标准API调用组合,自定义基准,每周,合作伙伴和集成
并发用户,报表生成,同时运行报表数,50,30,各种复杂度报表,自定义基准,每周,包含复杂聚合查询
并发用户,管理控制台,同时在线管理员数,100,50,标准管理操作,JMeter/Selenium,每月,内部管理员
横向扩展,API服务器,单节点每秒请求数,2000 RPS,1500 RPS,标准API请求组合,自定义基准,每月,用于容量规划
横向扩展,处理引擎,单节点每秒交易数,1000 TPS,700 TPS,混合交易类型,自定义基准,每月,用于容量规划
横向扩展,规则引擎,单节点每秒评估数,2000 EPS,1500 EPS,标准规则集,自定义基准,每月,包含150条规则
横向扩展,AI推理服务,单节点每秒推理数,200 IPS,150 IPS,完整模型堆栈,MLflow,每月,所有模型组合
横向扩展,Kubernetes集群,最大POD启动时间,<30秒,<60秒,服务POD,Kubernetes监控,每周,包含就绪检查
资源使用,API服务器,平均CPU使用率,<50%,<70%,满载运行,Prometheus,持续,避免CPU瓶颈
资源使用,API服务器,峰值CPU使用率,<70%,<85%,压力测试,Prometheus,每月,压力条件下
资源使用,API服务器,平均内存使用率,<60%,<80%,满载运行,Prometheus,持续,避免内存泄漏
资源使用,数据库服务器,平均CPU使用率,<60%,<80%,标准负载,数据库监控,持续,含查询优化
资源使用,数据库服务器,平均磁盘I/O,<70%,<85%,标准负载,数据库监控,持续,含索引操作
资源使用,处理引擎,平均CPU使用率,<60%,<80%,满载运行,Prometheus,持续,所有处理节点
资源使用,处理引擎,平均内存使用率,<70%,<85%,满载运行,Prometheus,持续,所有处理节点
资源使用,Kafka集群,磁盘使用增长率,<10GB/天,<20GB/天,生产消息量,Kafka监控,每日,用于容量规划
资源使用,Kafka集群,Broker CPU使用率,<60%,<80%,峰值负载,Prometheus,持续,所有Broker节点
资源使用,Elasticsearch,JVM堆内存使用率,<70%,<85%,标准查询负载,ELK监控,持续,避免GC问题
资源使用,Redis缓存,内存碎片率,<1.3,<1.5,生产负载,Redis监控,每日,定期碎片整理
网络性能,API服务,网络吞吐量,<2Gbps,<3Gbps,满载运行,网络监控工具,持续,单集群总流量
网络性能,内部服务通信,平均网络延迟,<2ms,<5ms,同区域通信,网络监控工具,持续,服务网格内部
网络性能,数据库连接,连接池使用率,<70%,<85%,峰值负载,数据库监控,持续,避免连接耗尽
网络性能,负载均衡器,并发连接数,<10000,<15000,峰值负载,LB监控,持续,所有外部连接
可用性,整体系统,每月正常运行时间,>99.99%,>99.95%,生产环境,监控系统,每月,计划内维护除外
可用性,API服务,每月正常运行时间,>99.995%,>99.99%,生产环境,监控系统,每月,关键业务API
可用性,数据库,每月正常运行时间,>99.995%,>99.99%,主数据库,监控系统,每月,含自动故障转移
可用性,消息系统,每月正常运行时间,>99.99%,>99.95%,Kafka集群,监控系统,每月,含多区域部署
可用性,规则引擎,每月正常运行时间,>99.99%,>99.95%,生产环境,监控系统,每月,风险评估核心
可靠性,事务完整性,事务成功率,>99.999%,>99.99%,标准负载,自定义监控,持续,包含完整处理流程
可靠性,故障恢复,RTO(恢复时间目标),<5分钟,<15分钟,单节点故障,灾备演练,每季度,自动故障转移
可靠性,故障恢复,RPO(恢复点目标),<10秒,<60秒,数据库故障,灾备演练,每季度,主从复制延迟
可靠性,异常处理,错误处理成功率,>99.9%,>99.5%,注入各类异常,故障注入测试,每月,包含重试机制
可靠性,数据一致性,跨服务一致性检查,100%,>99.99%,分布式事务,一致性测试,每周,最终一致性验证
可靠性,系统降级,优雅降级功能,有效,有效,组件故障场景,故障注入测试,每月,核心功能可用
持久性,数据写入,数据持久化确认,100%,100%,所有关键事务,持久性测试,每周,零数据丢失
持久性,队列消息,消息送达保证,100%,>99.999%,消息代理故障,故障恢复测试,每月,至少一次送达
持久性,数据备份,备份成功率,100%,100%,所有关键数据,备份监控,每日,含验证过程
持久性,数据复制,跨区域复制延迟,<5秒,<30秒,标准负载,复制监控,持续,灾备站点
安全性能,加密操作,TLS握手时间,<20ms,<50ms,新连接建立,安全测试工具,每周,2048位密钥
安全性能,加密操作,字段级加密时间,<5ms,<10ms,每个敏感字段,安全测试工具,每周,AES-256
安全性能,认证操作,令牌验证时间,<10ms,<30ms,JWT验证,安全测试工具,每周,包含权限检查
安全性能,访问控制,RBAC检查时间,<5ms,<15ms,权限验证,安全测试工具,每周,缓存权限结果
安全性能,安全日志,审计日志写入时间,<10ms,<25ms,关键操作,性能监控,持续,不阻塞主流程
安全性能,安全扫描,漏洞扫描速度,<12小时,<24小时,全平台扫描,自动化扫描,每周,所有组件
数据处理,ETL操作,每小时数据处理量,1000万记录,500万记录,标准ETL流程,ETL监控,每日,数据加载作业
数据处理,实时分析,流处理延迟,<2秒,<5秒,Kafka Streams,流处理监控,持续,端到端延迟
数据处理,数据验证,验证规则执行时间,<10ms,<30ms,每条记录,数据质量监控,持续,所有输入数据
数据处理,数据转换,格式转换时间,<20ms,<50ms,每条记录,ETL监控,持续,包含复杂转换
数据处理,数据导出,每秒导出记录数,10000 RPS,5000 RPS,标准导出任务,导出监控,每周,CSV/JSON格式
报告生成,标准报告,报告生成时间,<5秒,<15秒,月度标准报告,报告监控,每日,预聚合数据
报告生成,自定义报告,报告生成时间,<30秒,<60秒,复杂自定义报告,报告监控,每日,动态聚合
报告生成,监管报告,报告生成时间,<10分钟,<30分钟,完整合规报告,报告监控,每月,包含数据验证
报告生成,仪表板刷新,数据刷新时间,<3秒,<8秒,10+图表组件,UI监控,持续,实时数据更新
报告生成,导出PDF,生成时间,<15秒,<30秒,20页标准报告,报告监控,每周,包含图表渲染
AL/ML性能,模型训练,欺诈模型完整训练,<6小时,<12小时,完整数据集(1年),MLflow,每月,包含超参调优
AL/ML性能,模型训练,信用风险模型训练,<8小时,<16小时,完整数据集(2年),MLflow,每月,更复杂特征工程
AL/ML性能,模型训练,行为分析模型训练,<12小时,<24小时,完整数据集(1年),MLflow,每月,序列数据处理
AL/ML性能,特征工程,特征生成时间,<50ms,<100ms,每个客户200+特征,系统监控,持续,实时特征生成
AL/ML性能,模型评估,全量模型评估时间,<1小时,<3小时,测试数据集,MLflow,每周,完整性能验证
规则性能,规则评估,单次规则评估时间,<1ms,<3ms,单条规则,规则引擎监控,持续,高频规则
规则性能,规则评估,规则集评估时间,<20ms,<50ms,150条规则/交易,规则引擎监控,持续,完整规则集
规则性能,规则编译,规则变更生效时间,<5秒,<15秒,修改后部署,规则引擎监控,每次变更,不需要重启
规则性能,规则存储,规则库加载时间,<10秒,<30秒,系统启动时,系统监控,每次部署,完整规则库
规则性能,规则分析,影响分析执行时间,<5分钟,<15分钟,规则变更分析,分析工具,按需,基于历史数据 